date,open,close,high,low,volume
2023-01-03,7.58,7.78,7.79,7.53,18919.99
2023-01-04,7.82,7.88,7.92,7.75,19543.0
2023-01-05,7.93,7.88,7.98,7.8,17840.0
2023-01-06,7.92,7.91,8.01,7.85,20622.0
2023-01-09,7.91,7.98,8.02,7.91,17263.0
2023-01-10,7.95,7.88,8.01,7.87,12754.81
2023-01-11,7.88,7.81,7.93,7.8,12285.3
2023-01-12,7.81,7.8,7.92,7.77,13744.81
2023-01-13,7.86,7.78,7.87,7.75,9810.53
2023-01-16,7.79,7.93,7.98,7.79,15615.53
2023-01-17,7.98,7.93,8.0,7.9,9886.0
2023-01-18,7.98,8.02,8.04,7.91,12465.0
2023-01-19,8.01,8.09,8.1,7.96,11639.0
2023-01-20,8.07,8.21,8.23,8.06,16670.08
2023-01-30,8.29,8.31,8.43,8.26,21534.0
2023-01-31,8.29,8.35,8.36,8.22,17713.1
2023-02-01,8.32,8.57,8.61,8.32,30729.08
2023-02-02,8.58,8.59,8.63,8.48,18711.94
2023-02-03,8.55,8.64,8.65,8.46,19464.0
2023-02-06,8.58,8.6,8.64,8.5,15176.0
2023-02-07,8.58,8.65,8.69,8.54,11886.0
2023-02-08,8.65,8.6,8.67,8.56,12118.0
2023-02-09,8.6,8.71,8.73,8.58,17867.41
2023-02-10,8.71,8.73,8.76,8.68,13041.84
2023-02-13,8.82,8.76,8.86,8.7,16773.82
2023-02-14,8.79,8.86,8.88,8.77,17543.48
2023-02-15,8.91,8.84,8.91,8.78,13494.0
2023-02-16,8.8,8.54,8.86,8.46,28054.42
2023-02-17,8.57,8.6,8.71,8.53,22069.1
2023-02-20,8.65,8.62,8.66,8.47,15566.11
2023-02-21,8.57,8.6,8.68,8.52,18435.31
2023-02-22,8.6,8.54,8.6,8.5,15786.7
2023-02-23,8.61,8.52,8.65,8.47,15149.0
2023-02-24,8.57,8.51,8.57,8.42,13680.0
2023-02-27,8.48,8.32,8.51,8.27,27834.0
2023-02-28,8.34,8.37,8.43,8.27,14678.0
2023-03-01,8.42,8.51,8.52,8.35,25133.92
2023-03-02,8.56,8.47,8.62,8.45,17083.32
2023-03-03,8.52,8.37,8.53,8.33,17042.0
2023-03-06,8.41,8.33,8.44,8.27,17741.0
2023-03-07,8.32,8.09,8.33,8.03,23524.0
2023-03-08,8.06,8.2,8.21,8.03,17056.0
2023-03-09,8.29,8.36,8.39,8.19,21393.32
2023-03-10,8.3,8.26,8.35,8.21,16808.04
2023-03-13,8.21,8.13,8.3,8.08,19345.6
2023-03-14,8.09,8.01,8.13,7.9,19461.55
2023-03-15,8.09,8.15,8.18,8.03,16339.81
2023-03-16,8.13,8.01,8.15,7.96,17431.0
2023-03-17,8.06,7.99,8.13,7.93,19629.1
2023-03-20,8.02,8.01,8.05,7.95,14097.19
2023-03-21,8.01,8.2,8.21,7.97,18933.68
2023-03-22,8.18,8.28,8.29,8.15,15142.0
2023-03-23,8.28,8.25,8.28,8.19,11976.81
2023-03-24,8.27,8.25,8.33,8.21,11280.1
2023-03-27,8.27,8.24,8.31,8.14,18758.0
2023-03-28,8.34,8.17,8.34,8.12,16572.22
2023-03-29,8.13,8.18,8.24,8.07,20661.41
2023-03-30,8.18,8.09,8.18,8.01,14658.52
2023-03-31,8.09,8.2,8.24,8.09,13620.2
2023-04-03,8.21,8.2,8.23,8.14,13305.16
2023-04-04,8.23,7.95,8.27,7.93,27916.35
2023-04-06,7.94,7.87,7.97,7.85,17298.3
2023-04-07,7.88,8.13,8.16,7.85,25091.4
2023-04-10,8.11,8.02,8.13,7.95,17821.1
2023-04-11,8.04,8.07,8.11,7.94,15490.4
2023-04-12,8.07,8.2,8.21,8.04,17357.0
2023-04-13,8.2,8.1,8.21,8.08,13827.0
2023-04-14,8.15,8.29,8.33,8.12,28803.0
2023-04-17,8.32,8.41,8.49,8.22,34779.0
2023-04-18,8.41,8.39,8.46,8.26,21057.69
2023-04-19,8.38,8.26,8.38,8.24,12024.03
2023-04-20,8.23,8.17,8.25,8.11,12621.0
2023-04-21,8.17,7.92,8.21,7.91,22152.38
2023-04-24,7.88,7.96,8.07,7.76,20874.7
2023-04-25,7.98,7.74,7.99,7.68,18555.19
2023-04-26,7.93,7.81,7.93,7.74,16136.0
2023-04-27,7.8,7.85,7.91,7.73,9633.7
2023-04-28,7.84,8.08,8.1,7.84,16686.11
2023-05-04,8.06,8.14,8.18,8.04,15348.1
2023-05-05,8.14,8.21,8.22,8.09,17455.1
2023-05-08,8.2,8.16,8.25,8.1,17377.5
2023-05-09,8.14,8.09,8.21,8.0,16881.0
2023-05-10,8.09,8.25,8.3,8.06,17466.0
2023-05-11,8.27,8.26,8.28,8.14,11047.26
2023-05-12,8.22,8.21,8.3,8.19,13988.97
2023-05-15,8.21,8.32,8.34,8.17,17586.8
2023-05-16,8.32,8.28,8.32,8.23,12413.9
2023-05-17,8.29,8.37,8.37,8.25,16252.34
2023-05-18,8.36,8.42,8.44,8.34,16109.0
2023-05-19,8.41,8.6,8.64,8.31,37953.0
2023-05-22,8.6,8.66,8.7,8.5,29551.52
2023-05-23,8.69,8.6,8.7,8.58,20646.0
2023-05-24,8.52,8.55,8.65,8.52,16940.41
2023-05-25,8.55,8.55,8.66,8.51,17069.3
2023-05-26,8.55,8.61,8.62,8.48,15126.5
2023-05-29,8.61,8.48,8.66,8.44,14038.81
2023-05-30,8.48,8.47,8.53,8.37,12442.81
2023-05-31,8.44,8.32,8.5,8.29,15429.0
2023-06-01,8.3,8.37,8.46,8.25,13609.0
2023-06-02,8.43,8.42,8.49,8.39,10309.0
2023-06-05,8.46,8.38,8.46,8.34,10114.04
2023-06-06,8.43,8.18,8.43,8.17,12517.0
2023-06-07,8.23,8.11,8.27,8.06,12460.0
2023-06-08,8.23,8.08,8.23,8.0,9811.69
2023-06-09,8.03,8.07,8.17,8.02,12174.39
2023-06-12,8.12,8.29,8.29,8.02,14242.0
2023-06-13,8.28,8.38,8.4,8.27,9141.5
2023-06-14,8.38,8.28,8.39,8.26,12981.08
2023-06-15,8.29,8.38,8.4,8.27,9952.22
2023-06-16,8.33,8.36,8.51,8.32,13907.1
2023-06-19,8.36,8.32,8.44,8.31,11498.0
2023-06-20,8.29,8.31,8.37,8.26,10459.0
2023-06-21,8.34,8.27,8.37,8.26,13594.3
2023-06-26,8.35,8.16,8.35,8.14,11796.0
2023-06-27,8.23,8.43,8.47,8.16,27151.29
2023-06-28,8.5,8.44,8.53,8.26,21325.2
2023-06-29,8.44,8.56,8.6,8.41,22806.31
2023-06-30,8.56,8.62,8.66,8.54,21596.58
2023-07-03,8.69,8.88,8.99,8.63,61511.65
2023-07-04,8.92,8.89,9.03,8.8,35137.09
2023-07-05,9.2,9.46,9.94,9.2,178406.61
2023-07-06,9.43,10.05,10.28,9.42,216058.66
2023-07-07,9.73,9.62,9.95,9.44,147115.05
2023-07-10,9.55,9.38,9.64,9.3,94304.36
2023-07-11,9.48,9.59,9.62,9.38,62277.95
2023-07-12,9.65,9.52,9.67,9.47,46422.7
2023-07-13,9.5,9.48,9.61,9.41,38559.13
2023-07-14,9.49,9.53,9.64,9.44,34689.0
2023-07-17,9.46,9.55,9.59,9.35,26801.03
2023-07-18,9.58,9.66,9.67,9.5,30937.69
2023-07-19,9.63,9.62,9.69,9.59,20557.2
2023-07-20,9.68,9.48,9.79,9.44,29132.7
2023-07-21,9.5,9.32,9.51,9.3,26675.35
2023-07-24,9.3,9.57,9.63,9.27,33701.0
2023-07-25,9.59,9.6,9.67,9.5,29530.0
2023-07-26,9.6,9.65,9.69,9.52,27849.4
2023-07-27,9.79,9.88,10.09,9.63,97119.4
2023-07-28,9.75,9.9,9.91,9.6,65879.68
2023-07-31,10.03,9.73,10.17,9.73,52714.2
2023-08-01,9.81,9.73,9.81,9.62,36302.0
2023-08-02,9.73,9.68,9.83,9.6,23491.4
2023-08-03,9.68,9.51,9.69,9.48,24954.3
2023-08-04,9.6,9.35,9.65,9.3,33554.1
2023-08-07,9.32,9.23,9.36,9.16,26250.9
2023-08-08,9.23,9.2,9.32,9.11,17913.2
2023-08-09,9.17,9.0,9.2,8.96,23793.2
2023-08-10,9.02,9.08,9.13,9.0,14789.1
2023-08-11,9.03,9.11,9.14,8.95,19825.5
2023-08-14,9.09,8.91,9.09,8.78,29565.8
2023-08-15,9.03,8.9,9.05,8.84,12727.0
2023-08-16,8.96,8.82,8.99,8.8,12186.0
2023-08-17,8.82,8.98,8.99,8.7,20138.0
2023-08-18,8.97,9.02,9.2,8.92,23705.0
2023-08-21,9.17,9.06,9.21,8.97,24245.0
2023-08-22,9.15,8.94,9.15,8.77,24742.8
2023-08-23,8.94,8.83,8.99,8.8,22065.0
2023-08-24,8.91,8.92,8.98,8.72,16220.0
2023-08-25,8.89,8.87,9.11,8.81,30356.0
2023-08-28,9.21,8.89,9.32,8.83,33298.0
2023-08-29,8.94,9.21,9.23,8.85,34705.6
2023-08-30,9.24,9.23,9.34,9.21,22059.0
2023-08-31,9.23,9.15,9.32,9.11,18630.0
2023-09-01,9.29,9.21,9.3,9.02,17993.6
2023-09-04,9.27,9.32,9.35,9.12,26781.1
2023-09-05,9.35,9.21,9.35,9.15,14890.1
2023-09-06,9.21,9.31,9.32,9.1,21360.1
2023-09-07,9.31,9.14,9.33,9.13,20118.3
2023-09-08,9.21,9.19,9.27,9.16,14721.25
2023-09-11,9.26,9.24,9.29,9.09,22816.2
2023-09-12,9.24,9.23,9.3,9.11,15156.5
2023-09-13,9.2,9.12,9.26,9.06,17829.0
2023-09-14,9.17,9.09,9.2,9.04,13697.6
2023-09-15,9.19,9.08,9.19,9.04,16097.02
2023-09-18,9.01,9.24,9.32,8.99,19140.02
2023-09-19,9.24,9.0,9.24,8.97,17919.0
2023-09-20,8.96,9.0,9.1,8.96,13855.2
2023-09-21,8.98,8.98,9.09,8.92,14180.0
2023-09-22,8.98,9.17,9.17,8.92,19047.0
2023-09-25,9.27,9.03,9.27,8.96,19576.38
2023-09-26,9.06,8.94,9.06,8.9,16821.2
2023-09-27,8.92,9.01,9.09,8.84,21612.5
2023-09-28,8.99,9.12,9.15,8.97,14710.0
2023-10-09,9.12,9.01,9.13,8.97,20560.1
2023-10-10,9.1,9.0,9.16,8.98,15907.5
2023-10-11,9.1,8.95,9.1,8.88,15109.0
2023-10-12,8.96,9.0,9.06,8.88,13879.0
2023-10-13,9.04,8.94,9.04,8.88,15661.0
2023-10-16,8.93,8.88,8.98,8.84,15768.0
2023-10-17,8.93,8.89,9.04,8.86,10596.0
2023-10-18,8.9,8.65,8.9,8.62,19931.17
2023-10-19,8.64,8.73,8.89,8.58,24512.0
2023-10-20,8.7,8.64,8.83,8.59,11985.0
2023-10-23,8.61,8.32,8.74,8.27,27549.45
2023-10-24,8.41,8.74,8.77,8.13,23819.17
2023-10-25,8.71,8.95,9.04,8.67,25770.27
2023-10-26,8.95,8.9,9.01,8.8,17277.1
2023-10-27,8.95,9.03,9.04,8.83,16087.0
2023-10-30,9.17,9.45,9.45,9.11,65054.29
2023-10-31,9.41,9.39,9.57,9.21,52826.02
2023-11-01,9.5,9.6,9.63,9.33,55880.0
2023-11-02,9.58,9.59,9.74,9.53,45256.13
2023-11-03,9.63,9.53,9.72,9.51,39615.34
2023-11-06,9.68,9.56,9.68,9.5,32714.12
2023-11-07,9.53,9.6,9.64,9.46,23646.7
2023-11-08,9.6,9.43,9.63,9.41,28737.6
2023-11-09,9.52,9.41,9.6,9.37,28050.55
2023-11-10,9.4,9.48,9.53,9.37,18592.44
2023-11-13,9.48,9.69,9.73,9.38,33760.94
2023-11-14,9.66,9.7,9.76,9.61,24591.0
2023-11-15,9.69,9.74,9.76,9.66,17688.5
2023-11-16,9.74,9.68,9.76,9.65,18351.0
2023-11-17,9.78,9.77,9.79,9.61,24854.45
2023-11-20,9.78,9.83,9.88,9.72,24224.3
2023-11-21,9.9,9.72,9.9,9.7,22794.0
2023-11-22,9.79,9.69,9.81,9.68,18963.1
2023-11-23,9.69,9.72,9.78,9.68,16727.0
2023-11-24,9.75,9.67,9.77,9.62,15665.7
2023-11-27,9.67,9.72,9.82,9.64,30650.0
2023-11-28,9.68,9.78,9.82,9.65,25037.7
2023-11-29,9.79,9.75,9.93,9.72,20618.7
2023-11-30,9.76,9.68,9.83,9.58,27741.15
2023-12-01,9.66,9.65,9.74,9.61,25835.82
2023-12-04,9.68,9.64,9.74,9.62,21783.4
2023-12-05,9.65,9.53,9.68,9.51,19260.12
2023-12-06,9.59,9.64,9.76,9.53,23969.8
2023-12-07,9.64,9.58,9.81,9.54,27003.0
2023-12-08,9.55,9.27,9.6,9.24,29857.2
2023-12-11,9.31,9.34,9.41,9.11,44895.0
2023-12-12,9.45,9.36,9.45,9.19,21202.2
2023-12-13,9.38,9.31,9.45,9.22,19529.0
2023-12-14,9.41,9.35,9.47,9.32,21138.0
2023-12-15,9.36,9.42,9.46,9.31,16715.0
2023-12-18,9.37,9.22,9.48,9.19,27281.0
2023-12-19,9.6,9.32,9.64,9.04,38234.0
2023-12-20,9.32,9.32,9.5,9.28,27128.4
2023-12-21,9.31,9.4,9.4,9.08,31105.01
2023-12-22,9.4,9.19,9.4,9.12,23817.01
2023-12-25,9.18,9.15,9.27,8.95,27010.0
2023-12-26,9.18,9.14,9.24,9.08,18897.01
2023-12-27,9.13,9.14,9.21,9.01,24621.0
2023-12-28,9.24,9.42,9.46,9.04,25677.26
2023-12-29,9.4,9.57,9.59,9.36,23285.4
2024-01-02,9.59,9.79,9.82,9.59,44907.4
2024-01-03,9.72,9.86,9.9,9.72,37307.0
2024-01-04,9.88,9.83,9.89,9.74,21743.4
2024-01-05,9.88,9.7,9.88,9.65,22388.0
2024-01-08,9.7,9.5,9.74,9.46,30270.1
2024-01-09,9.48,9.47,9.59,9.36,27579.0
2024-01-10,9.44,9.41,9.57,9.3,27075.0
2024-01-11,9.37,9.4,9.43,9.3,29056.0
2024-01-12,9.39,9.38,9.57,9.34,25762.0
2024-01-15,9.43,9.35,9.44,9.23,21870.0
2024-01-16,9.39,9.31,9.41,9.18,24910.5
2024-01-17,9.35,9.08,9.42,9.02,34043.0
2024-01-18,9.01,9.02,9.34,8.74,61697.62
2024-01-19,8.95,8.83,9.11,8.81,45076.0
2024-01-22,8.86,8.16,8.87,8.15,41466.0
2024-01-23,8.19,7.83,8.32,7.77,61836.1
2024-01-24,7.83,7.99,8.11,7.67,60005.0
2024-01-25,8.01,8.34,8.35,7.93,39726.0
2024-01-26,8.34,8.38,8.57,8.31,36425.54
2024-01-29,8.43,8.08,8.52,8.08,34817.0
2024-01-30,8.12,7.74,8.12,7.67,35314.6
2024-01-31,7.69,7.15,7.69,7.13,52832.1
2024-02-01,7.44,7.03,7.47,6.78,67113.4
2024-02-02,7.06,6.61,7.31,6.31,79796.83
2024-02-05,6.47,5.59,6.62,5.38,139262.4
2024-02-06,5.42,5.57,5.85,5.01,141433.74
2024-02-07,5.52,5.37,5.52,5.11,129424.91
2024-02-08,5.35,5.95,5.97,5.25,119464.39
2024-02-19,6.05,6.19,6.46,6.04,97392.53
2024-02-20,6.14,6.27,6.33,6.07,57148.22
2024-02-21,6.19,6.51,6.7,6.19,63112.77
2024-02-22,6.5,6.62,6.65,6.43,45829.57
2024-02-23,6.69,6.86,6.89,6.6,55675.9
2024-02-26,6.86,7.16,7.29,6.86,76582.0
2024-02-27,7.14,7.31,7.31,7.02,51578.0
2024-02-28,7.34,6.56,7.51,6.56,105650.2
2024-02-29,6.46,6.79,6.83,6.37,84517.5
2024-03-01,6.83,6.8,6.89,6.64,49275.4
2024-03-04,6.82,6.68,6.85,6.6,50464.2
2024-03-05,6.72,6.48,6.72,6.4,52897.7
2024-03-06,6.47,6.69,6.78,6.38,47328.0
2024-03-07,6.71,6.69,6.88,6.67,49310.1
2024-03-08,6.73,6.81,6.81,6.66,32854.0
2024-03-11,6.82,6.97,6.98,6.78,37147.7
2024-03-12,6.98,7.08,7.08,6.88,40247.7
2024-03-13,7.15,7.09,7.18,7.04,35561.0
2024-03-14,7.08,7.05,7.19,6.9,37839.0
2024-03-15,7.03,7.19,7.23,6.99,43323.12
2024-03-18,7.22,7.4,7.43,7.19,47652.1
2024-03-19,7.42,7.36,7.52,7.35,40781.6
2024-03-20,7.35,7.54,7.57,7.35,37332.81
2024-03-21,7.56,7.56,7.63,7.38,38343.1
2024-03-22,7.54,7.4,7.56,7.32,36491.5
2024-03-25,7.4,7.27,7.54,7.21,46519.0
2024-03-26,7.24,7.29,7.38,7.07,27751.19
2024-03-27,7.35,7.05,7.36,7.02,30497.0
2024-03-28,7.05,7.28,7.32,7.04,37899.93
2024-03-29,7.25,7.47,7.47,7.25,32351.02
2024-04-01,7.53,8.3,8.7,7.53,171953.13
2024-04-02,8.18,7.95,8.18,7.85,176167.28
2024-04-03,7.92,8.54,8.66,7.83,187980.24
2024-04-08,8.42,8.09,8.42,8.02,149949.82
2024-04-09,8.07,8.34,8.34,7.96,116018.49
2024-04-10,8.74,9.04,9.99,8.67,301129.29
2024-04-11,8.75,9.51,9.6,8.67,283535.82
2024-04-12,9.69,8.79,9.71,8.64,240550.39
2024-04-15,8.46,9.16,9.4,8.46,228335.13
2024-04-16,8.81,8.38,8.97,7.85,206267.05
2024-04-17,8.76,9.05,9.09,8.69,169338.95
2024-04-18,8.99,9.59,10.39,8.96,317575.45
2024-04-19,9.4,11.51,11.51,9.4,424922.93
2024-04-22,12.14,10.97,12.95,10.76,546367.54
2024-04-23,10.65,11.97,12.71,10.48,503831.55
2024-04-24,11.65,11.91,12.6,11.14,457209.61
2024-04-25,11.36,11.11,11.7,10.88,338300.46
2024-04-26,10.93,10.92,11.42,10.66,246764.52
2024-04-29,10.46,10.4,10.56,9.99,290540.05
2024-04-30,10.44,10.96,11.25,9.99,354628.15
2024-05-06,10.92,11.31,11.6,10.68,312933.49
2024-05-07,11.57,12.05,12.14,11.21,395390.66
2024-05-08,11.79,14.45,14.45,11.78,419315.97
2024-05-09,14.31,14.49,15.87,13.59,749402.04
2024-05-10,14.05,13.2,14.9,13.11,529097.11
2024-05-13,12.81,12.9,13.57,12.44,378283.78
2024-05-14,12.8,13.66,13.98,12.6,417747.77
2024-05-15,13.22,12.97,13.33,12.73,296586.55
2024-05-16,12.96,14.2,14.3,12.54,434073.53
2024-05-17,13.71,14.91,15.35,13.62,529941.19
2024-05-20,14.59,14.79,15.04,14.2,381559.71
2024-05-21,14.41,13.22,14.49,13.02,406378.49
2024-05-22,13.36,12.91,13.48,12.66,283558.96
2024-05-23,12.62,11.85,12.62,11.68,335835.11
2024-05-24,11.7,11.6,12.2,11.16,282516.48
2024-05-27,11.55,11.85,12.04,11.51,212736.74
2024-05-28,11.66,11.06,11.99,10.85,309182.91
2024-05-29,10.72,10.95,11.05,10.72,156912.46
2024-05-30,10.95,10.67,11.07,10.63,142536.1
2024-05-31,10.72,10.75,10.86,10.52,125547.3
2024-06-03,10.76,10.59,10.81,10.4,109175.39
2024-06-04,10.49,10.26,10.52,10.07,121597.24
2024-06-05,10.18,9.79,10.22,9.75,119237.0
2024-06-06,9.87,9.5,9.94,9.3,131142.3
2024-06-07,9.63,9.57,9.68,9.41,83414.1
2024-06-11,9.49,9.7,9.72,9.31,82763.1
2024-06-12,9.71,9.92,9.98,9.67,106688.41
2024-06-13,9.84,9.55,9.95,9.5,111814.41
2024-06-14,9.55,9.44,9.65,9.4,65952.55
2024-06-17,9.37,9.31,9.5,9.25,72645.06
2024-06-18,9.33,9.81,9.95,9.3,162850.6
2024-06-19,9.82,10.01,10.27,9.82,196888.0
2024-06-20,9.92,9.52,10.12,9.5,133548.0
2024-06-21,9.5,9.5,9.6,9.25,83601.0
2024-06-24,9.41,9.01,9.41,8.91,113244.0
2024-06-25,8.99,9.06,9.16,8.97,71073.0
2024-06-26,9.1,9.21,9.23,8.86,67201.0
2024-06-27,9.21,8.88,9.22,8.82,68299.0
2024-06-28,8.81,8.99,9.13,8.76,61694.5
2024-07-01,8.96,9.23,9.25,8.88,69013.72
2024-07-02,9.16,9.04,9.28,8.97,55867.59
2024-07-03,9.09,8.84,9.1,8.8,50072.0
2024-07-04,8.86,8.52,8.86,8.47,68561.0
2024-07-05,8.53,8.62,8.68,8.41,55977.0
2024-07-08,8.68,8.33,8.71,8.27,57017.98
2024-07-09,8.3,8.53,8.54,8.11,64442.0
2024-07-10,8.5,8.39,8.59,8.32,41334.1
2024-07-11,8.63,8.81,9.07,8.58,142282.5
2024-07-12,8.82,8.69,8.97,8.68,72807.0
2024-07-15,8.71,8.38,8.71,8.36,57243.5
2024-07-16,8.42,8.28,8.42,8.2,41762.0
2024-07-17,8.3,8.03,8.3,7.99,52744.0
2024-07-18,8.03,7.98,8.05,7.76,50268.8
2024-07-19,7.93,8.04,8.11,7.87,46533.5
2024-07-22,7.98,8.03,8.09,7.92,32026.65
2024-07-23,8.03,7.85,8.11,7.83,31872.0
2024-07-24,7.9,7.73,7.98,7.69,44219.51
2024-07-25,7.73,7.8,7.88,7.64,40985.0
2024-07-26,7.85,8.1,8.17,7.81,56676.7
2024-07-29,8.08,8.09,8.13,7.89,40892.7
2024-07-30,8.09,8.16,8.29,8.03,53992.0
2024-07-31,8.14,8.37,8.37,8.03,58243.1
2024-08-01,8.35,8.43,8.58,8.35,56337.0
2024-08-02,8.44,8.87,9.26,8.31,193322.58
2024-08-05,8.69,8.19,8.78,8.19,145024.48
2024-08-06,8.23,8.4,8.5,8.17,81961.3
2024-08-07,8.42,8.27,8.47,8.24,66076.36
2024-08-08,8.27,8.18,8.27,8.06,49640.0
2024-08-09,8.2,8.07,8.29,8.06,37147.36
2024-08-12,8.07,8.04,8.15,7.95,31134.0
2024-08-13,8.06,8.14,8.14,7.94,29646.0
2024-08-14,8.17,8.03,8.17,8.02,27777.0
2024-08-15,8.05,8.06,8.14,7.91,32899.1
2024-08-16,8.05,7.81,8.11,7.8,53161.99
2024-08-19,7.78,7.73,7.87,7.68,27533.0
2024-08-20,7.77,7.57,8.03,7.55,70963.0
2024-08-21,7.6,7.68,7.76,7.51,46167.0
2024-08-22,7.73,7.54,7.73,7.53,35933.0
2024-08-23,7.62,7.46,7.62,7.34,42796.0
2024-08-26,7.48,7.53,7.64,7.38,39699.0
2024-08-27,7.54,7.38,7.56,7.36,27423.0
2024-08-28,7.38,7.42,7.51,7.33,28532.0
2024-08-29,7.45,7.53,7.54,7.32,29297.01
2024-08-30,7.54,7.65,7.81,7.48,57870.61
2024-09-02,7.62,7.54,7.73,7.54,42660.0
2024-09-03,7.55,7.52,7.63,7.46,30840.0
2024-09-04,7.47,7.83,8.25,7.41,135140.2
2024-09-05,7.76,7.68,7.84,7.63,94261.7
2024-09-06,7.71,7.38,7.71,7.36,66819.0
2024-09-09,7.31,7.42,7.47,7.28,32345.0
2024-09-10,7.4,7.45,7.49,7.32,31510.0
2024-09-11,7.45,7.48,7.55,7.38,34327.0
2024-09-12,7.53,7.36,7.62,7.35,47199.5
2024-09-13,7.42,7.19,7.43,7.19,37512.0
2024-09-18,7.24,7.13,7.25,6.96,29425.0
2024-09-19,7.19,7.39,7.46,7.18,42374.12
2024-09-20,7.42,7.23,7.42,7.2,30034.6
2024-09-23,7.27,7.25,7.31,7.17,22895.5
2024-09-24,7.29,7.55,7.56,7.29,52015.82
2024-09-25,7.63,7.63,7.83,7.57,57360.0
2024-09-26,7.63,7.93,7.93,7.56,54529.1
2024-09-27,8.03,8.33,8.47,7.93,101989.0
2024-09-30,8.89,9.42,9.59,8.48,192280.62
2024-10-08,10.9,10.4,11.09,9.7,229159.1
2024-10-09,10.1,8.98,10.1,8.96,159643.23
2024-10-10,9.19,9.25,9.56,8.96,97075.79
2024-10-11,9.22,8.82,9.24,8.67,88008.5
2024-10-14,8.82,9.86,10.29,8.72,170044.7
2024-10-15,9.66,10.13,10.8,9.66,295190.02
2024-10-16,9.91,9.9,10.29,9.75,173617.68
2024-10-17,10.09,10.32,10.66,10.02,231721.12
2024-10-18,10.18,10.37,10.66,10.06,240882.87
2024-10-21,10.4,10.6,10.7,10.11,222518.83
2024-10-22,10.51,10.13,10.57,10.01,155564.14
2024-10-23,10.05,9.9,10.23,9.83,107210.04
2024-10-24,9.81,9.77,10.03,9.71,94480.15
2024-10-25,9.76,9.83,9.99,9.76,75799.55
2024-10-28,9.83,9.82,9.91,9.7,87780.9
2024-10-29,9.86,9.8,10.21,9.75,138226.5
2024-10-30,9.81,10.04,10.2,9.8,160507.71
2024-10-31,10.06,10.21,10.34,9.82,172979.08
2024-11-01,11.0,12.25,12.25,10.9,232031.47
2024-11-04,13.1,12.93,14.04,12.4,625031.79
2024-11-05,12.39,13.21,13.39,12.39,478351.13
2024-11-06,12.93,13.1,14.37,12.79,454535.43
2024-11-07,12.61,12.27,12.81,12.12,326946.17
2024-11-08,12.43,12.59,14.11,12.43,331167.88
2024-11-11,12.42,12.72,12.81,12.29,227126.0
2024-11-12,12.75,12.49,13.05,12.29,199515.56
2024-11-13,12.32,11.92,12.45,11.73,205536.2
2024-11-14,11.97,11.89,12.68,11.83,190649.0
2024-11-15,11.97,11.55,12.09,11.45,124604.8
2024-11-18,11.77,11.94,12.54,11.7,191054.8
2024-11-19,11.84,11.66,11.91,11.06,193073.85
2024-11-20,11.62,11.91,12.07,11.47,168821.01
2024-11-21,11.96,12.08,12.35,11.85,187095.45
2024-11-22,12.07,12.46,13.05,12.07,313038.1
2024-11-25,12.46,12.79,13.1,12.2,254125.51
2024-11-26,12.83,11.29,12.83,11.29,245726.03
2024-11-27,11.04,11.17,11.28,10.6,159240.55
2024-11-28,11.09,10.89,11.17,10.85,125260.8
2024-11-29,10.75,10.9,11.04,10.48,139231.43
2024-12-02,10.79,10.98,11.06,10.7,117522.1
2024-12-03,10.98,11.34,11.49,10.81,172130.04
2024-12-04,11.22,10.8,11.22,10.77,139530.87
2024-12-05,10.8,11.05,11.19,10.71,99417.1
2024-12-06,11.0,11.04,11.11,10.85,78728.0
2024-12-09,10.95,10.91,11.09,10.77,73023.32
2024-12-10,11.17,10.98,11.25,10.95,94022.2
2024-12-11,10.94,11.04,11.07,10.88,75945.12
2024-12-12,11.01,11.04,11.07,10.85,75673.1
2024-12-13,11.01,10.75,11.03,10.74,72392.0
2024-12-16,10.78,10.75,10.9,10.62,53862.5
2024-12-17,10.83,10.24,11.0,10.24,96236.12
2024-12-18,10.24,10.21,10.41,10.03,54253.02
2024-12-19,10.11,10.16,10.25,9.91,53635.0
2024-12-20,10.21,10.3,10.37,10.15,40095.1
2024-12-23,10.27,9.72,10.28,9.68,68144.01
2024-12-24,9.78,9.73,9.89,9.53,45739.3
2024-12-25,9.72,9.39,9.72,9.21,71389.92
2024-12-26,9.34,10.02,10.16,9.34,118906.07
2024-12-27,9.96,9.9,10.11,9.79,88988.2
2024-12-30,9.76,9.7,9.86,9.61,47266.1
2024-12-31,9.71,9.43,9.75,9.43,42053.4
2025-01-02,9.42,9.34,9.63,9.24,43671.9
2025-01-03,9.41,8.89,9.46,8.85,49753.3
2025-01-06,8.93,8.95,9.02,8.51,39090.02
2025-01-07,9.03,9.12,9.12,8.82,35420.0
2025-01-08,9.05,9.1,9.17,8.78,38121.02
2025-01-09,9.1,9.11,9.18,9.03,26853.0
2025-01-10,9.08,8.81,9.28,8.78,51756.0
2025-01-13,8.69,8.89,8.95,8.57,30242.0
2025-01-14,9.06,9.23,9.23,8.94,46670.0
2025-01-15,9.27,9.12,9.29,9.1,34441.05
2025-01-16,9.14,9.19,9.34,9.04,41577.0
2025-01-17,9.24,9.24,9.27,9.1,32269.9
2025-01-20,9.27,9.41,9.47,9.18,41926.02
2025-01-21,9.46,9.2,9.57,9.16,36853.0
2025-01-22,9.2,9.11,9.23,9.07,25498.0
2025-01-23,9.17,9.18,9.4,9.17,39994.02
2025-01-24,9.18,9.18,9.28,9.05,40536.22
2025-01-27,9.21,9.13,9.44,9.13,45685.0
2025-02-05,9.18,9.23,9.28,9.08,35003.0
2025-02-06,9.22,9.42,9.42,9.15,42866.8
2025-02-07,9.51,9.62,9.65,9.41,55675.95
2025-02-10,9.85,9.78,9.9,9.65,75210.23
2025-02-11,9.75,9.68,9.84,9.61,48173.98
2025-02-12,9.84,10.02,10.02,9.84,104904.47
2025-02-13,9.96,9.84,10.06,9.84,61011.15
2025-02-14,9.86,9.71,9.88,9.65,49233.7
2025-02-17,9.69,9.98,10.16,9.65,95147.7
2025-02-18,9.98,9.61,10.01,9.53,68405.0
2025-02-19,9.64,9.84,9.91,9.59,51225.62
2025-02-20,9.84,9.98,10.01,9.76,60792.0
2025-02-21,9.99,9.9,10.02,9.82,68537.5
2025-02-24,9.82,9.9,9.94,9.77,48835.4
2025-02-25,9.82,10.09,10.25,9.78,96951.5
2025-02-26,10.14,10.18,10.38,10.07,87647.91
2025-02-27,10.16,10.48,10.69,10.05,154013.93
2025-02-28,10.34,10.42,10.76,10.26,157959.36
2025-03-03,10.45,11.13,11.23,10.45,215204.88
2025-03-04,10.93,10.8,10.94,10.6,132961.82
2025-03-05,10.74,10.37,10.8,10.22,108213.85
2025-03-06,10.37,10.39,10.47,10.36,77084.26
2025-03-07,10.37,10.26,10.44,10.15,76300.96
2025-03-10,10.3,10.27,10.3,10.17,38026.02
2025-03-11,10.18,10.23,10.23,10.02,60123.0
2025-03-12,10.21,10.16,10.29,10.12,49323.86
2025-03-13,10.18,10.07,10.18,9.9,54603.63
2025-03-14,10.03,10.26,10.27,10.01,50952.86
2025-03-17,10.26,10.26,10.3,10.2,37116.95
2025-03-18,10.26,10.29,10.29,10.16,40024.26
2025-03-19,10.26,10.21,10.3,10.16,34112.0
2025-03-20,10.22,10.26,10.3,10.03,47695.0
2025-03-21,10.2,9.99,10.22,9.93,43185.9
2025-03-24,10.0,9.71,10.06,9.51,46726.9
2025-03-25,9.69,9.97,10.05,9.62,42518.6
2025-03-26,9.92,10.16,10.23,9.89,48442.9
2025-03-27,10.17,10.14,10.23,9.99,44502.0
2025-03-28,10.07,9.67,10.12,9.65,62381.92
2025-03-31,9.52,9.47,9.62,9.34,41233.03
2025-04-01,9.56,9.65,9.79,9.51,29197.0
2025-04-02,9.65,9.71,9.83,9.57,22748.0
2025-04-03,9.66,9.67,9.78,9.49,28594.3
2025-04-07,8.97,7.99,9.1,7.75,82501.5
2025-04-08,8.14,8.36,8.57,8.12,61840.0
2025-04-09,8.29,8.54,8.63,7.72,50446.31
2025-04-10,8.77,8.77,8.94,8.74,44107.0
2025-04-11,8.69,8.87,9.02,8.69,34993.0
2025-04-14,9.05,9.11,9.21,8.98,44206.0
2025-04-15,9.1,9.07,9.19,9.0,24726.0
2025-04-16,9.17,8.87,9.17,8.71,26199.0
2025-04-17,8.82,8.97,9.09,8.72,26187.0
2025-04-18,8.95,8.99,9.06,8.85,30236.0
2025-04-21,8.99,9.16,9.28,8.89,42657.22
2025-04-22,9.14,9.24,9.29,9.03,40151.2
2025-04-23,9.27,9.21,9.3,9.14,39310.0
2025-04-24,9.23,9.2,9.3,9.11,31718.12
2025-04-25,9.13,9.17,9.26,9.04,27868.0
2025-04-28,9.16,8.97,9.17,8.85,28301.52
2025-04-29,8.98,9.19,9.24,8.95,28961.0
2025-04-30,9.25,9.14,9.25,9.13,23656.0
2025-05-06,9.18,9.47,9.5,9.16,36151.63
2025-05-07,9.61,9.48,9.66,9.38,30372.72
2025-05-08,9.47,9.58,9.6,9.43,24259.0
2025-05-09,9.58,9.52,9.67,9.43,25787.02
2025-05-12,9.62,9.62,9.64,9.53,23759.4
2025-05-13,9.74,9.61,9.74,9.54,24486.1
2025-05-14,9.59,9.56,9.63,9.47,24322.0
2025-05-15,9.57,9.6,9.67,9.44,30024.1
2025-05-16,9.6,9.58,9.7,9.52,31381.5
2025-05-19,9.59,9.7,9.72,9.5,27083.2
2025-05-20,9.68,9.8,9.84,9.65,27840.0
2025-05-21,9.82,9.59,9.84,9.58,26825.0
2025-05-22,9.61,9.34,9.67,9.32,35852.0
2025-05-23,9.32,9.33,9.59,9.32,30147.0
2025-05-26,9.31,9.47,9.49,9.3,19907.0
2025-05-27,9.4,9.48,9.52,9.28,28634.0
2025-05-28,9.68,10.07,10.62,9.62,213837.57
2025-05-29,9.91,10.53,10.96,9.76,292026.83
2025-05-30,10.38,10.1,10.45,9.99,170331.46
2025-06-03,10.03,10.59,10.87,9.93,232234.9
2025-06-04,10.65,10.41,10.73,10.35,141191.79
2025-06-05,10.38,10.2,10.38,10.08,115801.99
2025-06-06,10.25,10.23,10.61,10.12,118439.0
2025-06-09,10.35,11.0,11.15,10.35,235895.28
2025-06-10,10.5,10.66,10.93,10.43,231610.92
2025-06-11,10.65,10.31,10.72,10.24,163747.92
2025-06-12,10.27,10.36,10.36,10.13,94804.0
2025-06-13,10.25,9.86,10.29,9.7,132122.64
2025-06-16,9.82,10.34,10.47,9.79,111906.7
2025-06-17,10.35,10.28,10.49,10.22,74679.7
2025-06-18,10.35,10.47,10.55,10.03,99756.5
2025-06-19,10.4,10.08,10.55,10.03,86692.0
2025-06-20,10.19,9.96,10.28,9.91,69236.0
2025-06-23,9.82,10.36,10.38,9.8,83222.0
2025-06-24,10.4,10.7,10.77,10.3,110103.5
2025-06-25,10.66,10.71,11.03,10.59,121471.72
2025-06-26,11.12,11.02,11.87,10.98,310255.42
2025-06-27,10.92,10.84,11.28,10.81,182280.82
2025-06-30,10.87,10.88,10.98,10.64,110912.82
2025-07-01,10.91,11.04,11.14,10.61,160182.31
2025-07-02,10.95,11.51,11.87,10.73,276041.33
2025-07-03,11.39,11.3,11.48,11.02,153178.6
2025-07-04,11.19,10.83,11.29,10.78,130508.0
2025-07-07,10.83,10.82,10.85,10.67,68479.0
2025-07-08,10.8,10.96,11.09,10.67,89823.8
2025-07-09,10.94,10.67,10.94,10.6,97970.0
2025-07-10,10.68,10.92,11.27,10.67,124960.5
2025-07-11,10.85,10.66,10.9,10.59,100953.93
2025-07-14,10.61,10.84,11.0,10.53,105695.1
2025-07-15,10.88,11.04,11.15,10.63,119326.22
2025-07-16,10.96,10.99,11.05,10.86,70368.1
2025-07-17,10.98,11.05,11.11,10.89,70112.18
2025-07-18,11.1,11.21,11.25,11.02,85576.53
2025-07-21,11.33,11.11,11.33,11.03,74794.18
2025-07-22,11.15,10.98,11.19,10.91,73280.8
2025-07-23,11.03,10.82,11.1,10.75,66385.0
2025-07-24,10.77,10.96,10.98,10.77,54443.91
2025-07-25,10.95,11.03,11.07,10.9,46684.34
2025-07-28,11.03,11.09,11.11,10.97,60469.03
2025-07-29,11.09,10.93,11.1,10.83,53717.71
2025-07-30,10.87,10.76,10.93,10.65,59746.1
2025-07-31,10.74,10.66,10.87,10.58,45809.0
2025-08-01,10.63,10.77,10.82,10.6,38183.89
2025-08-04,10.74,10.88,10.9,10.63,32635.0
2025-08-05,10.9,11.04,11.04,10.89,55100.08
2025-08-06,11.05,11.08,11.15,11.0,52882.88
2025-08-07,11.08,11.01,11.15,10.96,51400.0
2025-08-08,11.0,11.06,11.1,10.91,39045.3
2025-08-11,11.11,11.64,11.79,11.07,205216.22
2025-08-12,11.62,11.45,11.74,11.3,103815.34
2025-08-13,11.44,11.28,11.45,11.23,74761.0
2025-08-14,11.24,10.96,11.34,10.92,85747.2
2025-08-15,10.95,11.17,11.36,10.9,96179.6
2025-08-18,11.25,11.25,11.35,11.15,89675.7
2025-08-19,11.27,11.26,11.34,11.14,73328.9
2025-08-20,11.2,11.39,11.43,11.11,70955.54
2025-08-21,11.41,11.28,11.41,11.22,56514.62
2025-08-22,11.25,11.2,11.29,11.09,66750.0
2025-08-25,11.16,11.11,11.23,11.04,67079.7
2025-08-26,11.05,11.39,11.44,11.03,103152.2
2025-08-27,11.37,10.95,11.41,10.95,100490.7
2025-08-28,10.95,10.71,11.17,10.36,125082.0
2025-08-29,10.87,10.9,11.01,10.72,90291.0
2025-09-01,10.92,11.18,11.21,10.87,71094.4
2025-09-02,11.15,10.87,11.23,10.72,79875.0
2025-09-03,10.87,10.6,10.98,10.51,50877.7
2025-09-04,10.59,10.67,10.89,10.51,66308.1
2025-09-05,11.1,11.42,11.65,10.95,233074.6
2025-09-08,11.48,11.92,12.03,11.31,247147.9
2025-09-09,11.91,11.78,12.14,11.7,188220.03
2025-09-10,11.8,11.73,11.95,11.61,98835.53
2025-09-11,11.86,12.17,12.4,11.53,244206.3
2025-09-12,11.93,11.7,12.04,11.59,168210.52
2025-09-15,11.66,11.55,11.67,11.47,81830.0
2025-09-16,11.5,11.77,11.77,11.34,104308.7
2025-09-17,11.74,11.58,11.78,11.54,70906.9
2025-09-18,11.55,11.21,11.61,11.07,100394.7
2025-09-19,11.21,11.05,11.36,10.99,68646.0
2025-09-22,10.95,10.77,11.0,10.61,90161.0
2025-09-23,10.72,10.45,10.8,10.08,104497.6
2025-09-24,10.4,10.74,10.75,10.3,75181.2
2025-09-25,10.72,10.54,10.84,10.48,51193.68
2025-09-26,10.51,10.53,10.78,10.42,48716.41
2025-09-29,10.6,10.77,10.83,10.49,58658.1
2025-09-30,10.78,10.73,10.82,10.7,37967.0
2025-10-09,10.67,10.73,10.88,10.6,58128.3
2025-10-10,10.73,10.84,10.98,10.65,57137.0
2025-10-13,10.37,10.95,10.98,10.21,74596.76
2025-10-14,11.02,10.75,11.23,10.7,78331.2
2025-10-15,10.79,10.84,10.95,10.73,48847.0
2025-10-16,10.8,10.62,10.89,10.54,44723.85
2025-10-17,10.61,10.35,10.71,10.35,43405.71
2025-10-20,10.54,10.61,10.65,10.5,34488.0
2025-10-21,10.65,10.84,10.88,10.55,48373.5
2025-10-22,10.79,10.82,10.9,10.71,35622.1
2025-10-23,10.76,10.98,10.99,10.6,49089.5
2025-10-24,10.96,10.99,11.05,10.9,41575.5
2025-10-27,11.09,11.12,11.19,11.0,50644.15
2025-10-28,11.12,11.14,11.25,11.06,39707.8
2025-10-29,11.05,11.16,11.22,11.03,58210.1
2025-10-30,11.17,10.97,11.17,10.96,43838.0
2025-10-31,10.95,11.26,11.33,10.9,69931.4
2025-11-03,11.26,11.13,11.34,11.0,48373.0
2025-11-04,11.11,11.04,11.22,10.95,40987.0
2025-11-05,10.98,11.25,11.29,10.88,53561.2
2025-11-06,11.24,11.37,11.43,11.18,54617.9
2025-11-07,11.3,11.53,11.64,11.25,92966.0
2025-11-10,11.54,11.47,11.59,11.35,66625.9
2025-11-11,11.47,11.63,11.71,11.41,65778.48
2025-11-12,11.64,11.46,11.64,11.32,85493.0
2025-11-13,11.43,11.82,12.04,11.42,126490.61
2025-11-14,11.71,11.73,11.87,11.65,86089.0
2025-11-17,11.79,11.83,11.91,11.61,66472.0
2025-11-18,11.77,11.51,11.84,11.47,59576.2
2025-11-19,11.58,11.72,11.86,11.36,97254.0
2025-11-20,11.67,11.45,11.84,11.41,74436.64
2025-11-21,11.31,10.65,11.44,10.59,109055.0
2025-11-24,10.76,10.81,10.92,10.64,62468.0
2025-11-25,10.82,10.83,10.99,10.77,49825.0
2025-11-26,10.82,10.62,10.95,10.59,60092.7
2025-11-27,10.59,10.78,10.94,10.59,60531.1
2025-11-28,10.75,10.98,11.0,10.75,52770.26
2025-12-01,10.96,10.95,11.11,10.89,41477.61
2025-12-02,11.03,10.85,11.03,10.74,47296.22
2025-12-03,10.85,10.69,10.92,10.6,47847.25
2025-12-04,10.64,10.46,10.71,10.37,41852.0
2025-12-05,10.42,10.64,10.71,10.37,37488.0
2025-12-08,10.69,10.86,10.92,10.68,42673.0
2025-12-09,10.86,10.69,10.9,10.67,33571.0
2025-12-10,10.73,10.45,10.73,10.43,39892.0
2025-12-11,10.54,10.18,10.58,10.15,45051.26
2025-12-12,10.23,10.06,10.35,10.05,46145.05
2025-12-15,10.05,10.22,10.32,9.95,39071.6
2025-12-16,10.18,9.93,10.18,9.86,48166.0
2025-12-17,9.96,9.95,10.03,9.7,44999.79
2025-12-18,9.92,10.1,10.23,9.86,40036.36
2025-12-19,10.05,10.31,10.35,9.99,38297.78
2025-12-22,10.28,10.34,10.42,10.22,29619.0
2025-12-23,10.31,10.27,10.35,10.19,25064.0
2025-12-24,10.23,10.41,10.45,10.19,30880.5
2025-12-25,10.44,10.43,10.48,10.3,32202.5
2025-12-26,10.44,10.33,10.47,10.25,41783.43
2025-12-29,10.34,10.34,10.37,10.21,30968.7
2025-12-30,10.27,10.25,10.39,10.13,39873.49
2025-12-31,10.21,10.38,10.38,10.05,56117.7
2026-01-05,10.38,10.37,10.41,10.31,54913.0
2026-01-06,10.49,10.5,10.72,10.41,85297.87
2026-01-07,10.5,10.41,10.51,10.31,60300.0
2026-01-08,10.39,10.58,10.63,10.32,54782.02
2026-01-09,10.58,10.63,10.66,10.44,52447.82
2026-01-12,10.62,10.67,10.69,10.57,62565.88
2026-01-13,10.65,10.79,10.93,10.54,84303.7
2026-01-14,10.8,10.66,10.91,10.49,79829.44
2026-01-15,10.66,10.86,11.05,10.45,82641.9
2026-01-16,10.85,10.97,10.99,10.67,64298.92
2026-01-19,10.94,11.13,11.16,10.88,60207.4
2026-01-20,11.12,11.29,11.31,11.07,69036.35
2026-01-21,11.21,11.32,11.39,11.13,58720.6
2026-01-22,11.3,11.26,11.34,11.17,61031.3
2026-01-23,11.3,11.47,11.58,11.12,88940.2
2026-01-26,11.51,11.26,11.62,11.15,69201.33
2026-01-27,11.25,11.29,11.29,10.96,65178.0
2026-01-28,11.28,11.15,11.34,11.09,53856.99
2026-01-29,11.14,11.03,11.28,10.95,44856.82
2026-01-30,10.96,11.25,11.27,10.91,67283.0
2026-02-02,11.15,10.95,11.27,10.91,50929.0
2026-02-03,11.1,11.07,11.22,10.96,47584.0
2026-02-04,11.1,11.3,11.53,11.05,59145.2
2026-02-05,11.26,11.21,11.44,11.18,50487.0
2026-02-06,11.15,11.42,11.59,11.05,89133.8
2026-02-09,11.48,11.54,11.69,11.44,72879.12
2026-02-10,11.54,11.56,11.63,11.48,47462.8
2026-02-11,11.57,11.64,11.78,11.47,49904.4
2026-02-12,11.69,11.49,11.77,11.41,48944.8
2026-02-13,11.49,11.49,11.62,11.4,37119.02
2026-02-24,11.5,11.81,11.84,11.5,50980.07
2026-02-25,11.82,12.31,12.92,11.82,250977.35
2026-02-26,12.6,12.52,13.07,12.34,271480.97
2026-02-27,12.4,12.47,12.69,12.27,155317.1
2026-03-02,12.34,11.99,12.44,11.75,136508.42
2026-03-03,12.1,11.57,12.18,11.52,101593.2
2026-03-04,11.43,11.49,11.74,11.28,89642.6
2026-03-05,11.75,11.69,11.85,11.6,83374.0
2026-03-06,11.66,12.05,12.06,11.6,82504.3
2026-03-09,11.91,11.88,11.98,11.69,80955.3
2026-03-10,11.94,12.1,12.16,11.86,72689.7
2026-03-11,12.31,14.08,14.41,12.16,350407.06
2026-03-12,14.94,14.97,16.52,14.5,683917.45
2026-03-13,16.14,15.13,16.46,14.74,589890.48
2026-03-16,15.44,17.38,18.11,15.44,722055.85
2026-03-17,16.58,15.3,17.22,14.96,671384.86
2026-03-18,15.02,15.02,15.7,14.5,502716.37
2026-03-19,14.59,13.93,15.21,13.83,430833.13
2026-03-20,13.89,14.29,15.03,13.74,447685.36
2026-03-23,13.54,13.34,14.03,13.2,317263.97
2026-03-24,13.54,13.61,13.64,12.9,294498.16
2026-03-25,13.54,14.03,14.32,13.47,319523.94
2026-03-26,13.89,13.31,14.25,13.29,260791.02
2026-03-27,13.17,13.72,13.89,13.08,232733.87
2026-03-30,13.44,13.37,13.58,13.14,185216.29
2026-03-31,13.35,12.62,13.49,12.6,205443.0
2026-04-01,12.92,13.15,13.6,12.92,198711.46
2026-04-02,13.31,12.99,13.4,12.8,159244.85
2026-04-03,13.0,12.6,13.24,12.48,126718.69
2026-04-07,12.63,13.34,13.56,12.62,173797.34
2026-04-08,13.91,13.88,14.23,13.39,221997.05
2026-04-09,13.74,13.98,14.13,13.48,204786.43
2026-04-10,13.97,13.88,14.12,13.78,154450.5
2026-04-13,13.81,14.53,14.59,13.79,252765.5
2026-04-14,14.44,14.94,15.1,14.26,304588.49
2026-04-15,14.29,15.24,15.58,13.96,482561.72
2026-04-16,14.97,15.77,16.29,14.85,418962.02
2026-04-17,15.73,17.1,17.62,15.73,414853.19
2026-04-20,17.15,17.28,17.97,16.6,357084.65
2026-04-21,17.28,16.37,17.28,16.32,308886.7
2026-04-22,16.73,17.14,17.24,16.17,261344.11
2026-04-23,17.1,17.5,18.01,16.42,303695.49
2026-04-24,17.24,17.01,17.36,16.66,219353.9
2026-04-27,17.0,17.77,18.39,16.8,234012.65
2026-04-28,18.62,19.63,20.2,18.21,395769.81
2026-04-29,19.35,18.5,19.63,18.46,388232.76
2026-04-30,18.56,17.56,18.66,17.47,314059.13
2026-05-06,17.23,17.91,18.24,17.05,329218.59
2026-05-07,17.9,18.98,19.29,17.68,292202.56
2026-05-08,18.5,18.18,19.21,18.13,219924.78
2026-05-11,18.19,17.92,18.41,17.72,194896.63
2026-05-12,17.83,19.39,19.65,17.47,441720.2
2026-05-13,18.91,20.33,20.9,18.71,405790.34
2026-05-14,19.96,19.11,20.8,19.07,330664.21
2026-05-15,18.95,18.25,19.19,18.05,250133.32
2026-05-18,17.94,19.21,19.71,17.94,271097.42
2026-05-19,19.08,18.51,19.8,18.35,233068.38
2026-05-20,18.42,18.51,18.9,18.02,200596.66
2026-05-21,18.37,17.31,18.98,17.12,227232.06
2026-05-22,17.6,20.77,20.77,17.52,435626.09
2026-05-25,21.26,20.68,21.7,20.4,453284.8
2026-05-26,20.62,20.29,20.85,19.61,326897.8
2026-05-27,20.5,18.58,20.53,18.29,389200.11
2026-05-28,18.71,18.79,19.41,18.26,331099.36
2026-05-29,19.11,18.76,19.78,18.41,425122.25
2026-06-01,18.43,18.54,19.0,17.92,320974.08
2026-06-02,18.2,19.92,20.17,17.78,457316.69
2026-06-03,19.74,19.3,20.09,18.82,321711.62
2026-06-04,18.99,17.99,19.36,17.03,408798.42
2026-06-05,17.78,17.74,18.49,17.09,308678.09
2026-06-08,16.77,17.62,17.91,16.62,267589.53
2026-06-09,17.85,18.99,19.1,17.85,331976.75
2026-06-10,19.03,19.01,19.89,18.57,225383.89
2026-06-11,18.88,18.73,19.31,18.26,171487.58
2026-06-12,19.19,18.11,19.87,18.0,266796.07
2026-06-15,18.5,19.75,19.88,18.4,337885.84
2026-06-16,19.8,20.53,20.59,19.3,307801.31
2026-06-17,20.2,20.85,21.83,20.0,398937.12
2026-06-18,20.44,19.55,20.7,19.39,348374.42
2026-06-22,19.95,23.46,23.46,19.94,639003.74
2026-06-23,23.66,21.14,24.0,20.86,582277.07
2026-06-24,21.52,22.1,22.86,19.93,593584.17
2026-06-25,22.4,20.73,22.6,20.6,449774.48
2026-06-26,20.62,22.76,23.98,19.89,623494.23
2026-06-29,23.18,22.24,24.18,21.34,533114.39
2026-06-30,21.7,21.74,22.0,21.02,409364.99
2026-07-01,21.62,22.56,23.02,20.93,497937.05
2026-07-02,21.46,20.69,21.95,20.31,338999.43
2026-07-03,20.4,18.55,20.69,18.5,357160.63
2026-07-06,18.37,18.71,19.23,17.56,268422.57
2026-07-07,18.49,17.13,18.88,16.94,239065.43
2026-07-08,17.35,16.12,17.37,16.06,206821.95
2026-07-09,16.18,16.11,16.45,15.36,198160.04
2026-07-10,16.11,15.41,16.5,15.4,201806.26
2026-07-13,15.37,14.43,15.79,14.25,187924.89
2026-07-14,14.69,15.05,15.22,14.28,162406.53
2026-07-15,15.1,14.63,15.23,14.5,120491.03
2026-07-16,14.5,13.92,14.7,13.8,128071.0
2026-07-17,14.14,13.53,14.31,13.38,143301.13
2026-07-20,13.83,12.45,13.95,12.1,176514.84
2026-07-21,12.6,13.36,13.36,11.32,194987.7
2026-07-22,13.26,12.83,13.4,12.76,135618.02
2026-07-23,12.88,13.28,13.32,12.79,127848.14
2026-07-24,13.0,13.18,13.42,12.82,113246.6
2026-07-27,13.26,14.37,14.45,13.18,237605.34
2026-07-28,13.95,12.84,14.18,12.75,296571.14
2026-07-29,13.06,13.24,13.32,12.57,189080.92
2026-07-30,13.1,12.3,13.11,12.23,168071.87
2026-07-31,13.03,12.79,13.48,12.78,189194.22
